{"cameraMode":{"drawMode":0,"name":"Shaded","section":"Shading Mode"},"sceneLighting":false,"audioPlay":false,"sceneViewState":{"m_AlwaysRefresh":false,"showFog":true,"showSkybox":false,"showFlares":true,"showImageEffects":true,"showParticleSystems":true,"showVisualEffectGraphs":true,"m_FxEnabled":true},"in2DMode":false,"pivot":{"x":-7.152557373046875e-7,"y":0.9864351153373718,"z":0.014543503522872925},"rotation":{"x":0.06335371732711792,"y":0.6422056555747986,"z":-0.05318935960531235,"w":0.7621614336967468},"size":1.3755548000335694,"orthographic":false}